{
  "entropy_comparisons": {
    "teacher_vs_own": {
      "t_statistic": 1.1582255921443516,
      "p_value": 0.2469082291997173,
      "significant": false,
      "mean_diff": 0.018497230109299156,
      "effect_size": 0.0527895341977164,
      "interpretation": "Comparing entropy between teacher and own bias phrases"
    },
    "teacher_vs_sure": {
      "t_statistic": 9.642814656461775,
      "p_value": 9.772472194424117e-22,
      "significant": true,
      "mean_diff": 0.11233889001512054,
      "effect_size": 0.37945189510375743,
      "interpretation": "Comparing entropy between teacher and sure bias phrases"
    },
    "teacher_vs_unsure": {
      "t_statistic": 27.32584235703037,
      "p_value": 2.5506708118484596e-137,
      "significant": true,
      "mean_diff": 0.30540685098152887,
      "effect_size": 1.3095963606341676,
      "interpretation": "Comparing entropy between teacher and unsure bias phrases"
    },
    "teacher_vs_quick": {
      "t_statistic": -24.28552395568157,
      "p_value": 1.3844174288467547e-112,
      "significant": true,
      "mean_diff": -0.24923306871654205,
      "effect_size": 1.1669106382538386,
      "interpretation": "Comparing entropy between teacher and quick bias phrases"
    },
    "teacher_vs_fast": {
      "t_statistic": -41.346274141282244,
      "p_value": 5.922986807234612e-266,
      "significant": true,
      "mean_diff": -0.4234116296804893,
      "effect_size": 1.888298175138294,
      "interpretation": "Comparing entropy between teacher and fast bias phrases"
    },
    "teacher_vs_step": {
      "t_statistic": -33.522600893698346,
      "p_value": 6.534564610005908e-191,
      "significant": true,
      "mean_diff": -0.3456046921950171,
      "effect_size": 1.6105060898370895,
      "interpretation": "Comparing entropy between teacher and step bias phrases"
    },
    "teacher_vs_combined": {
      "t_statistic": -1.1078202164520876,
      "p_value": 0.2679831108189336,
      "significant": false,
      "mean_diff": -0.012565913389268157,
      "effect_size": 0.04155660430727826,
      "interpretation": "Comparing entropy between teacher and combined bias phrases"
    },
    "own_vs_sure": {
      "t_statistic": 7.7930346133915345,
      "p_value": 8.406989306142864e-15,
      "significant": true,
      "mean_diff": 0.09384165990582138,
      "effect_size": 0.2615211057002873,
      "interpretation": "Comparing entropy between own and sure bias phrases"
    },
    "own_vs_unsure": {
      "t_statistic": 19.623877054797177,
      "p_value": 1.5019191436423476e-78,
      "significant": true,
      "mean_diff": 0.2869096208722297,
      "effect_size": 0.9284393449479201,
      "interpretation": "Comparing entropy between own and unsure bias phrases"
    },
    "own_vs_quick": {
      "t_statistic": -19.012077360206103,
      "p_value": 3.2585361520380265e-74,
      "significant": true,
      "mean_diff": -0.2677302988258412,
      "effect_size": 0.9091124323002524,
      "interpretation": "Comparing entropy between own and quick bias phrases"
    },
    "own_vs_fast": {
      "t_statistic": -32.51430062530439,
      "p_value": 2.4315306051846264e-188,
      "significant": true,
      "mean_diff": -0.44190885978978844,
      "effect_size": 1.461793683118624,
      "interpretation": "Comparing entropy between own and fast bias phrases"
    },
    "own_vs_step": {
      "t_statistic": -25.80607420717475,
      "p_value": 5.568792463843337e-127,
      "significant": true,
      "mean_diff": -0.36410192230431626,
      "effect_size": 1.2332831093014578,
      "interpretation": "Comparing entropy between own and step bias phrases"
    },
    "own_vs_combined": {
      "t_statistic": -2.8289101299472157,
      "p_value": 0.004685336818666588,
      "significant": true,
      "mean_diff": -0.031063143498567314,
      "effect_size": 0.08532279517193353,
      "interpretation": "Comparing entropy between own and combined bias phrases"
    },
    "sure_vs_unsure": {
      "t_statistic": 17.715322814370392,
      "p_value": 2.6280875281285825e-67,
      "significant": true,
      "mean_diff": 0.19306796096640833,
      "effect_size": 0.7857950209547958,
      "interpretation": "Comparing entropy between sure and unsure bias phrases"
    },
    "sure_vs_quick": {
      "t_statistic": -34.15271651191895,
      "p_value": 9.152104154119184e-221,
      "significant": true,
      "mean_diff": -0.3615719587316626,
      "effect_size": 1.5917338380436348,
      "interpretation": "Comparing entropy between sure and quick bias phrases"
    },
    "sure_vs_fast": {
      "t_statistic": -52.73912109741407,
      "p_value": 0.0,
      "significant": true,
      "mean_diff": -0.5357505196956098,
      "effect_size": 2.258709266441617,
      "interpretation": "Comparing entropy between sure and fast bias phrases"
    },
    "sure_vs_step": {
      "t_statistic": -43.19205565387506,
      "p_value": 0.0,
      "significant": true,
      "mean_diff": -0.45794358221013765,
      "effect_size": 2.007590174567993,
      "interpretation": "Comparing entropy between sure and step bias phrases"
    },
    "sure_vs_combined": {
      "t_statistic": -16.605445194115568,
      "p_value": 6.939524935006152e-61,
      "significant": true,
      "mean_diff": -0.1249048034043887,
      "effect_size": 0.4001880567437864,
      "interpretation": "Comparing entropy between sure and combined bias phrases"
    },
    "unsure_vs_quick": {
      "t_statistic": -85.0834753694225,
      "p_value": 0.0,
      "significant": true,
      "mean_diff": -0.5546399196980709,
      "effect_size": 4.095951645991632,
      "interpretation": "Comparing entropy between unsure and quick bias phrases"
    },
    "unsure_vs_fast": {
      "t_statistic": -103.39341313689884,
      "p_value": 0.0,
      "significant": true,
      "mean_diff": -0.7288184806620182,
      "effect_size": 4.805990445258009,
      "interpretation": "Comparing entropy between unsure and fast bias phrases"
    },
    "unsure_vs_step": {
      "t_statistic": -98.70975119061819,
      "p_value": 0.0,
      "significant": true,
      "mean_diff": -0.651011543176546,
      "effect_size": 4.751925871729719,
      "interpretation": "Comparing entropy between unsure and step bias phrases"
    },
    "unsure_vs_combined": {
      "t_statistic": -28.7440670158716,
      "p_value": 1.8120284059007466e-170,
      "significant": true,
      "mean_diff": -0.317972764370797,
      "effect_size": 1.255403764116476,
      "interpretation": "Comparing entropy between unsure and combined bias phrases"
    },
    "quick_vs_fast": {
      "t_statistic": -30.93482732841804,
      "p_value": 1.643758988441724e-169,
      "significant": true,
      "mean_diff": -0.17417856096394724,
      "effect_size": 1.4601507137870013,
      "interpretation": "Comparing entropy between quick and fast bias phrases"
    },
    "quick_vs_step": {
      "t_statistic": -20.01745181342961,
      "p_value": 2.516150071397955e-80,
      "significant": true,
      "mean_diff": -0.09637162347847505,
      "effect_size": 0.9636479274945219,
      "interpretation": "Comparing entropy between quick and step bias phrases"
    },
    "quick_vs_combined": {
      "t_statistic": 21.694668710431486,
      "p_value": 1.39817400876366e-100,
      "significant": true,
      "mean_diff": 0.2366671553272739,
      "effect_size": 1.0056388820206956,
      "interpretation": "Comparing entropy between quick and combined bias phrases"
    },
    "fast_vs_step": {
      "t_statistic": 13.62941665146389,
      "p_value": 2.2866607881157808e-40,
      "significant": true,
      "mean_diff": 0.07780693748547218,
      "effect_size": 0.6425680862071749,
      "interpretation": "Comparing entropy between fast and step bias phrases"
    },
    "fast_vs_combined": {
      "t_statistic": 39.65326696654067,
      "p_value": 1.3380560195457316e-306,
      "significant": true,
      "mean_diff": 0.41084571629122113,